"","date","species","mantle_length_mm","weight_g"
"1",2023-08-06,"ILLEX",115,40
"2",2023-08-06,"ILLEX",121,32
"3",2023-08-06,"ILLEX",115,40
"4",2023-08-06,"ILLEX",122,38
"5",2023-08-06,"ILLEX",118,36
"6",2023-08-06,"ILLEX",115,38
"7",2023-08-06,"ILLEX",128,46
"8",2023-08-06,"ILLEX",126,40
"9",2023-08-06,"ILLEX",114,36
"10",2023-08-06,"ILLEX",108,28
"11",2023-08-06,"ILLEX",111,28
"12",2023-08-06,"ILLEX",124,38
"13",2023-08-06,"ILLEX",123,38
"14",2023-08-06,"ILLEX",108,26
"15",2023-08-06,"ILLEX",118,42
"16",2023-08-06,"ILLEX",126,36
"17",2023-08-06,"ILLEX",124,34
"18",2023-08-06,"ILLEX",140,76
"19",2023-08-06,"ILLEX",121,36
"20",2023-08-06,"ILLEX",119,34
"21",2023-08-06,"ILLEX",123,42
"22",2023-08-06,"ILLEX",134,40
"23",2023-08-06,"ILLEX",125,42
"24",2023-08-06,"ILLEX",120,34
"25",2023-08-06,"ILLEX",125,44
"26",2023-08-06,"ILLEX",116,42
"27",2023-08-06,"ILLEX",125,42
"28",2023-08-06,"ILLEX",110,38
"29",2023-08-06,"ILLEX",116,34
"30",2023-08-06,"ILLEX",121,36
"31",2023-08-06,"ILLEX",111,34
"32",2023-08-06,"ILLEX",131,46
"33",2023-08-06,"ILLEX",121,32
"34",2023-08-06,"ILLEX",126,44
"35",2023-08-06,"ILLEX",131,46
"36",2023-08-06,"ILLEX",117,36
"37",2023-08-06,"ILLEX",116,32
"38",2023-08-06,"ILLEX",119,36
"39",2023-08-06,"ILLEX",118,34
"40",2023-08-06,"ILLEX",130,38
"41",2023-08-06,"ILLEX",137,52
"42",2023-08-06,"ILLEX",130,36
"43",2023-08-06,"ILLEX",108,38
"44",2023-08-06,"ILLEX",107,30
"45",2023-08-06,"ILLEX",110,32
"46",2023-08-06,"ILLEX",117,32
"47",2023-08-06,"ILLEX",115,34
"48",2023-08-06,"ILLEX",129,42
"49",2023-08-06,"ILLEX",129,36
"50",2023-08-06,"ILLEX",127,40
"51",2023-08-06,"ILLEX",123,36
"52",2023-08-06,"ILLEX",123,36
"53",2023-08-06,"ILLEX",127,42
"54",2023-08-06,"ILLEX",116,30
"55",2023-08-06,"ILLEX",122,36
"56",2023-08-06,"ILLEX",112,36
"57",2023-08-06,"ILLEX",126,38
"58",2023-08-06,"ILLEX",131,42
"59",2023-08-06,"ILLEX",114,32
"60",2023-08-06,"ILLEX",128,38
"61",2023-08-06,"ILLEX",118,34
"62",2023-08-06,"ILLEX",110,30
"63",2023-08-06,"ILLEX",119,32
"64",2023-08-06,"ILLEX",127,44
"65",2023-08-06,"ILLEX",125,44
"66",2023-08-06,"ILLEX",121,32
"67",2023-08-06,"ILLEX",128,44
"68",2023-08-06,"ILLEX",123,36
"69",2023-08-06,"ILLEX",116,34
"70",2023-08-06,"ILLEX",137,44
"71",2023-08-06,"ILLEX",164,78
"72",2023-08-06,"ILLEX",118,36
"73",2023-08-06,"ILLEX",156,86
"74",2023-08-06,"ILLEX",120,34
"75",2023-08-06,"ILLEX",119,34
"76",2023-08-06,"ILLEX",134,44
"77",2023-08-06,"ILLEX",121,36
"78",2023-08-06,"ILLEX",140,48
"79",2023-08-06,"ILLEX",128,40
"80",2023-08-06,"ILLEX",133,44
"81",2023-08-06,"ILLEX",121,36
"82",2023-08-06,"ILLEX",123,36
"83",2023-08-06,"ILLEX",124,36
"84",2023-08-06,"ILLEX",142,52
"85",2023-08-06,"ILLEX",118,32
"86",2023-08-06,"ILLEX",119,36
"87",2023-08-06,"ILLEX",116,30
"88",2023-08-06,"ILLEX",109,32
"89",2023-08-06,"ILLEX",128,40
"90",2023-08-06,"ILLEX",150,58
"91",2023-08-06,"ILLEX",121,36
"92",2023-08-06,"ILLEX",118,34
"93",2023-08-06,"ILLEX",126,38
"94",2023-08-06,"ILLEX",132,46
"95",2023-08-06,"ILLEX",121,34
"96",2023-08-06,"ILLEX",125,42
"97",2023-08-06,"ILLEX",111,30
"98",2023-08-06,"ILLEX",126,38
"99",2023-08-06,"ILLEX",130,40
"100",2023-08-06,"ILLEX",123,40
"101",2023-08-06,"ILLEX",115,36
"102",2023-08-06,"ILLEX",130,42
"103",2023-08-06,"ILLEX",112,30
"104",2023-08-06,"ILLEX",131,46
"105",2023-08-06,"ILLEX",117,40
"106",2023-08-06,"ILLEX",118,30
"107",2023-08-06,"ILLEX",136,52
"108",2023-08-06,"ILLEX",128,40
"109",2023-08-06,"ILLEX",120,38
"110",2023-08-06,"ILLEX",120,32
"111",2023-08-06,"ILLEX",106,30
"112",2023-08-06,"ILLEX",119,34
"113",2023-08-06,"ILLEX",120,34
"114",2023-08-06,"ILLEX",125,44
"115",2023-08-06,"ILLEX",137,48
"116",2023-08-06,"ILLEX",113,36
"117",2023-08-06,"ILLEX",123,36
"118",2023-08-06,"ILLEX",115,34
"119",2023-08-06,"ILLEX",128,42
"120",2023-08-06,"ILLEX",148,50
"121",2023-08-06,"ILLEX",127,42
"122",2023-08-06,"ILLEX",113,36
"123",2023-08-06,"ILLEX",120,36
"124",2023-08-06,"ILLEX",116,32
"125",2023-08-06,"ILLEX",118,38
"126",2023-08-06,"ILLEX",123,34
"127",2023-08-06,"ILLEX",113,30
"128",2023-08-06,"ILLEX",104,30
"129",2023-08-06,"ILLEX",138,50
"130",2023-08-06,"ILLEX",126,38
"131",2023-08-06,"ILLEX",118,32
"132",2023-08-06,"ILLEX",118,32
"133",2023-08-06,"ILLEX",129,40
"134",2023-08-06,"ILLEX",109,36
"135",2023-08-06,"ILLEX",113,32
"136",2023-08-06,"ILLEX",119,34
"137",2023-08-06,"ILLEX",135,52
"138",2023-08-06,"ILLEX",109,30
"139",2023-08-06,"ILLEX",115,30
"140",2023-08-06,"ILLEX",122,36
"141",2023-08-06,"ILLEX",120,42
"142",2023-08-06,"ILLEX",111,34
"143",2023-08-06,"ILLEX",118,32
"144",2023-08-06,"ILLEX",122,34
"145",2023-08-06,"ILLEX",120,36
"146",2023-08-06,"ILLEX",119,40
"147",2023-08-06,"ILLEX",116,36
"148",2023-08-06,"ILLEX",128,40
"149",2023-08-06,"ILLEX",121,34
"150",2023-08-06,"ILLEX",131,42
"151",2023-08-06,"ILLEX",120,34
"152",2023-08-06,"ILLEX",132,48
"153",2023-08-06,"ILLEX",132,54
"154",2023-08-06,"ILLEX",125,36
"155",2023-08-06,"ILLEX",161,80
"156",2023-08-06,"ILLEX",109,32
"157",2023-08-06,"ILLEX",123,38
"158",2023-08-06,"ILLEX",122,32
"159",2023-08-06,"ILLEX",113,28
"160",2023-08-06,"ILLEX",115,28
"161",2023-08-06,"ILLEX",138,48
"162",2023-08-06,"ILLEX",123,32
"163",2023-08-06,"ILLEX",117,38
"164",2023-08-06,"ILLEX",153,70
"165",2023-08-06,"ILLEX",117,32
"166",2023-08-06,"ILLEX",120,32
"167",2023-08-06,"ILLEX",121,36
"168",2023-08-06,"ILLEX",124,34
"169",2023-08-06,"ILLEX",130,42
"170",2023-08-06,"ILLEX",113,30
"171",2023-08-06,"ILLEX",137,50
"172",2023-08-06,"ILLEX",125,42
"173",2023-08-06,"ILLEX",109,30
"174",2023-08-06,"ILLEX",124,36
"175",2023-08-06,"ILLEX",127,38
"176",2023-08-06,"ILLEX",122,36
"177",2023-08-06,"ILLEX",124,38
"178",2023-08-06,"ILLEX",123,34
"179",2023-08-06,"ILLEX",135,52
"180",2023-08-06,"ILLEX",133,46
"181",2023-08-06,"ILLEX",128,40
"182",2023-08-06,"ILLEX",126,38
"183",2023-08-06,"ILLEX",109,34
"184",2023-08-06,"ILLEX",119,34
"185",2023-08-06,"ILLEX",145,62
"186",2023-08-06,"ILLEX",124,40
"187",2023-08-06,"ILLEX",118,34
"188",2023-08-06,"ILLEX",130,42
"189",2023-08-06,"ILLEX",120,36
"190",2023-08-06,"ILLEX",118,34
"191",2023-08-06,"ILLEX",104,28
"192",2023-08-06,"ILLEX",111,30
"193",2023-08-06,"ILLEX",126,44
"194",2023-08-06,"ILLEX",129,40
"195",2023-08-06,"ILLEX",120,36
"196",2023-08-06,"ILLEX",123,40
"197",2023-08-06,"ILLEX",113,32
"198",2023-08-06,"ILLEX",111,34
"199",2023-08-06,"LOLIGO",121,48
"200",2023-08-06,"LOLIGO",99,34
"201",2023-08-06,"LOLIGO",119,48
"202",2023-08-06,"LOLIGO",107,38
"203",2023-08-06,"LOLIGO",101,32
"204",2023-08-06,"LOLIGO",106,34
"205",2023-08-06,"LOLIGO",103,42
"206",2023-08-06,"LOLIGO",99,34
"207",2023-08-06,"LOLIGO",96,30
"208",2023-08-06,"LOLIGO",84,24
"209",2023-08-06,"LOLIGO",86,22
"210",2023-08-06,"LOLIGO",95,26
"211",2023-08-06,"LOLIGO",123,48
"212",2023-08-06,"LOLIGO",109,36
"213",2023-08-06,"LOLIGO",88,24
"214",2023-08-06,"ILLEX",114,32
"215",2023-08-06,"ILLEX",117,34
"216",2023-08-06,"ILLEX",121,40
"217",2023-08-06,"ILLEX",121,40
"218",2023-08-06,"ILLEX",120,30
"219",2023-08-06,"ILLEX",148,60
"220",2023-08-06,"ILLEX",159,154
"221",2023-08-06,"ILLEX",97,24
"222",2023-08-06,"ILLEX",107,34
"223",2023-08-06,"ILLEX",127,42
"224",2023-08-06,"ILLEX",119,36
"225",2023-08-06,"ILLEX",140,64
"226",2023-08-06,"ILLEX",110,24
"227",2023-08-06,"ILLEX",107,34
"228",2023-08-06,"ILLEX",120,36
"229",2023-08-06,"ILLEX",117,30
"230",2023-08-06,"ILLEX",134,42
"231",2023-08-06,"ILLEX",108,24
"232",2023-08-06,"ILLEX",115,30
"233",2023-08-06,"ILLEX",120,36
"234",2023-08-06,"ILLEX",138,46
"235",2023-08-06,"ILLEX",136,48
"236",2023-08-06,"ILLEX",124,36
"237",2023-08-06,"ILLEX",139,50
"238",2023-08-06,"ILLEX",114,36
"239",2023-08-06,"ILLEX",116,40
"240",2023-08-06,"ILLEX",127,46
"241",2023-08-06,"ILLEX",113,32
"242",2023-08-06,"ILLEX",116,32
"243",2023-08-06,"ILLEX",121,34
"244",2023-08-06,"ILLEX",118,32
"245",2023-08-06,"ILLEX",117,30
"246",2023-08-06,"ILLEX",143,60
"247",2023-08-06,"ILLEX",148,56
"248",2023-08-06,"ILLEX",124,44
"249",2023-08-06,"ILLEX",131,40
"250",2023-08-06,"ILLEX",146,26
"251",2023-08-06,"ILLEX",148,66
"252",2023-08-06,"ILLEX",111,30
"253",2023-08-06,"ILLEX",114,28
"254",2023-08-06,"ILLEX",124,32
"255",2023-08-06,"ILLEX",119,32
"256",2023-08-06,"ILLEX",118,32
"257",2023-08-06,"ILLEX",125,40
"258",2023-08-06,"ILLEX",112,32
"259",2023-08-06,"ILLEX",126,40
"260",2023-08-06,"ILLEX",121,34
"261",2023-08-06,"ILLEX",111,30
"262",2023-08-06,"ILLEX",117,30
"263",2023-08-06,"ILLEX",121,40
"264",2023-08-06,"ILLEX",138,52
"265",2023-08-06,"ILLEX",120,36
"266",2023-08-06,"ILLEX",124,32
"267",2023-08-06,"ILLEX",119,26
"268",2023-08-06,"ILLEX",139,62
"269",2023-08-06,"ILLEX",106,26
"270",2023-08-06,"ILLEX",121,34
"271",2023-08-06,"ILLEX",121,36
"272",2023-08-06,"ILLEX",123,40
"273",2023-08-06,"ILLEX",124,42
"274",2023-08-06,"ILLEX",116,36
"275",2023-08-06,"ILLEX",116,36
"276",2023-08-06,"ILLEX",108,32
"277",2023-08-06,"ILLEX",126,48
"278",2023-08-06,"ILLEX",131,54
"279",2023-08-06,"ILLEX",113,32
"280",2023-08-06,"ILLEX",126,38
"281",2023-08-06,"ILLEX",114,32
"282",2023-08-06,"ILLEX",127,38
"283",2023-08-06,"ILLEX",116,32
"284",2023-08-06,"ILLEX",128,42
"285",2023-08-06,"ILLEX",125,40
"286",2023-08-06,"ILLEX",121,30
"287",2023-08-06,"ILLEX",131,40
"288",2023-08-06,"ILLEX",118,30
"289",2023-08-06,"ILLEX",134,46
"290",2023-08-06,"ILLEX",121,36
"291",2023-08-06,"ILLEX",125,32
"292",2023-08-06,"ILLEX",124,38
"293",2023-08-06,"ILLEX",122,36
"294",2023-08-06,"ILLEX",109,28
"295",2023-08-06,"ILLEX",36,4
"296",2023-08-06,"ILLEX",28,2
"297",2023-08-06,"ILLEX",131,40
"298",2023-08-06,"ILLEX",124,34
"299",2023-08-06,"ILLEX",116,32
"300",2023-08-06,"ILLEX",130,40
"301",2023-08-06,"ILLEX",134,38
"302",2023-08-06,"ILLEX",134,44
"303",2023-08-06,"ILLEX",133,54
"304",2023-08-06,"ILLEX",116,28
"305",2023-08-06,"ILLEX",132,42
"306",2023-08-06,"ILLEX",118,36
"307",2023-08-06,"ILLEX",111,28
"308",2023-08-06,"ILLEX",116,22
"309",2023-08-06,"ILLEX",127,38
"310",2023-08-06,"ILLEX",131,40
"311",2023-08-06,"ILLEX",123,32
"312",2023-08-06,"ILLEX",127,44
"313",2023-08-06,"ILLEX",117,32
"314",2023-08-06,"ILLEX",127,36
"315",2023-08-06,"ILLEX",123,38
"316",2023-08-06,"ILLEX",114,28
"317",2023-08-06,"ILLEX",160,84
"318",2023-08-06,"ILLEX",124,39
"319",2023-08-06,"ILLEX",126,40
"320",2023-08-06,"ILLEX",132,40
"321",2023-08-06,"ILLEX",129,40
"322",2023-08-06,"ILLEX",119,34
"323",2023-08-06,"ILLEX",115,24
"324",2023-08-06,"ILLEX",127,38
"325",2023-08-06,"ILLEX",140,48
"326",2023-08-06,"ILLEX",135,38
"327",2023-08-06,"ILLEX",135,44
"328",2023-08-06,"ILLEX",116,30
"329",2023-08-06,"ILLEX",123,32
"330",2023-08-06,"ILLEX",116,30
"331",2023-08-06,"ILLEX",114,28
"332",2023-08-06,"ILLEX",118,32
"333",2023-08-06,"ILLEX",128,38
"334",2023-08-06,"ILLEX",111,30
"335",2023-08-06,"ILLEX",148,52
"336",2023-08-06,"ILLEX",135,42
"337",2023-08-06,"ILLEX",120,30
"338",2023-08-06,"ILLEX",133,40
"339",2023-08-06,"ILLEX",118,28
"340",2023-08-06,"ILLEX",114,28
"341",2023-08-06,"ILLEX",123,36
"342",2023-08-06,"ILLEX",128,38
"343",2023-08-06,"ILLEX",111,30
"344",2023-08-06,"ILLEX",129,42
"345",2023-08-06,"ILLEX",130,44
"346",2023-08-06,"ILLEX",134,50
"347",2023-08-06,"ILLEX",117,32
"348",2023-08-06,"ILLEX",120,34
"349",2023-08-06,"ILLEX",128,36
"350",2023-08-06,"ILLEX",122,30
"351",2023-08-06,"ILLEX",132,38
"352",2023-08-06,"ILLEX",122,38
"353",2023-08-06,"ILLEX",121,30
"354",2023-08-06,"ILLEX",110,36
"355",2023-08-06,"ILLEX",125,36
"356",2023-08-06,"ILLEX",129,34
"357",2023-08-06,"ILLEX",119,42
"358",2023-08-06,"ILLEX",120,28
"359",2023-08-06,"ILLEX",126,36
"360",2023-08-06,"ILLEX",119,28
"361",2023-08-06,"ILLEX",141,52
"362",2023-08-06,"ILLEX",131,38
"363",2023-08-06,"ILLEX",130,40
"364",2023-08-06,"ILLEX",106,20
"365",2023-08-06,"ILLEX",121,34
"366",2023-08-06,"ILLEX",124,32
"367",2023-08-06,"ILLEX",129,42
"368",2023-08-06,"ILLEX",130,42
"369",2023-08-06,"ILLEX",117,30
"370",2023-08-06,"ILLEX",118,30
"371",2023-08-06,"ILLEX",124,30
"372",2023-08-06,"ILLEX",116,30
"373",2023-08-06,"ILLEX",113,28
"374",2023-08-06,"ILLEX",138,48
"375",2023-08-06,"ILLEX",104,26
"376",2023-08-06,"ILLEX",113,28
"377",2023-08-06,"ILLEX",112,28
"378",2023-08-06,"ILLEX",119,28
"379",2023-08-06,"ILLEX",115,28
"380",2023-08-06,"ILLEX",139,50
"381",2023-08-06,"ILLEX",119,30
"382",2023-08-06,"ILLEX",128,44
"383",2023-08-06,"ILLEX",122,36
"384",2023-08-06,"ILLEX",122,30
"385",2023-08-06,"ILLEX",137,48
"386",2023-08-06,"ILLEX",129,42
"387",2023-08-06,"ILLEX",127,32
"388",2023-08-06,"ILLEX",120,32
"389",2023-08-06,"ILLEX",109,26
"390",2023-08-06,"ILLEX",129,36
"391",2023-08-06,"ILLEX",118,26
"392",2023-08-06,"ILLEX",108,28
"393",2023-08-06,"ILLEX",137,48
"394",2023-08-06,"ILLEX",138,50
"395",2023-08-06,"ILLEX",128,46
"396",2023-08-06,"ILLEX",127,38
"397",2023-08-06,"ILLEX",131,38
"398",2023-08-06,"ILLEX",124,36
"399",2023-08-06,"ILLEX",120,40
"400",2023-08-06,"ILLEX",121,30
"401",2023-08-06,"ILLEX",119,32
"402",2023-08-06,"ILLEX",141,56
"403",2023-08-06,"ILLEX",134,50
"404",2023-08-06,"ILLEX",134,54
"405",2023-08-06,"ILLEX",121,32
"406",2023-08-06,"ILLEX",140,60
"407",2023-08-06,"ILLEX",119,32
"408",2023-08-06,"ILLEX",126,32
"409",2023-08-06,"ILLEX",122,38
"410",2023-08-06,"ILLEX",122,32
"411",2023-08-06,"ILLEX",129,44
"412",2023-08-06,"ILLEX",119,32
"413",2023-08-06,"ILLEX",119,36
"414",2023-08-06,"ILLEX",123,42
"415",2023-08-06,"ILLEX",126,44
"416",2023-08-06,"ILLEX",121,38
"417",2023-08-06,"ILLEX",125,32
"418",2023-08-06,"ILLEX",123,34
"419",2023-08-06,"ILLEX",124,28
"420",2023-08-06,"ILLEX",119,32
"421",2023-08-06,"ILLEX",123,34
"422",2023-08-06,"ILLEX",118,32
"423",2023-08-06,"ILLEX",116,32
"424",2023-08-06,"ILLEX",120,30
"425",2023-08-06,"ILLEX",141,50
"426",2023-08-06,"ILLEX",121,32
"427",2023-08-06,"ILLEX",128,36
"428",2023-08-06,"ILLEX",126,36
"429",2023-08-06,"LOLIGO",88,22
"430",2023-08-06,"LOLIGO",94,24
"431",2023-08-06,"LOLIGO",84,20
"432",2023-08-06,"LOLIGO",120,50
"433",2023-08-06,"LOLIGO",91,26
"434",2023-08-06,"LOLIGO",107,24
"435",2023-08-06,"LOLIGO",68,16
"436",2023-08-06,"LOLIGO",81,22
"437",2023-08-06,"LOLIGO",77,16
"438",2023-08-06,"LOLIGO",77,16
"439",2023-08-06,"LOLIGO",77,16
"440",2023-08-06,"LOLIGO",95,28
"441",2023-08-06,"LOLIGO",85,20
"442",2023-08-06,"LOLIGO",77,14
"443",2023-08-06,"LOLIGO",79,16
"444",2023-08-06,"LOLIGO",79,16
"445",2023-08-06,"LOLIGO",79,14
"446",2023-08-06,"LOLIGO",111,34
"447",2023-08-06,"LOLIGO",86,22
"448",2023-08-06,"LOLIGO",89,26
"449",2023-08-06,"LOLIGO",88,22
"450",2023-08-06,"LOLIGO",78,16
"451",2023-08-06,"LOLIGO",97,22
"452",2023-08-06,"LOLIGO",86,16
"453",2023-08-06,"LOLIGO",96,28
"454",2023-08-06,"LOLIGO",80,20
"455",2023-08-06,"LOLIGO",77,16
"456",2023-08-06,"LOLIGO",88,24
"457",2023-08-06,"LOLIGO",76,14
"458",2023-08-06,"LOLIGO",99,22
"459",2023-08-06,"LOLIGO",77,16
"460",2023-08-06,"LOLIGO",79,14
"461",2023-08-06,"LOLIGO",80,14
"462",2023-08-06,"LOLIGO",81,20
"463",2023-08-06,"LOLIGO",107,38
"464",2023-08-06,"LOLIGO",94,26
"465",2023-08-06,"LOLIGO",91,22
"466",2023-08-06,"LOLIGO",90,22
"467",2023-08-06,"LOLIGO",85,16
"468",2023-08-06,"LOLIGO",76,14
"469",2023-08-06,"LOLIGO",74,16
"470",2023-08-06,"LOLIGO",64,14
"471",2023-08-06,"LOLIGO",93,28
"472",2023-08-06,"LOLIGO",83,20
"473",2023-08-06,"LOLIGO",76,18
"474",2023-08-06,"LOLIGO",82,20
"475",2023-08-06,"LOLIGO",85,20
"476",2023-08-06,"LOLIGO",93,28
"477",2023-08-06,"LOLIGO",75,16
"478",2023-08-06,"LOLIGO",85,24
"479",2023-08-06,"LOLIGO",88,28
"480",2023-08-06,"LOLIGO",87,26
"481",2023-08-06,"LOLIGO",79,20
"482",2023-08-06,"LOLIGO",80,20
"483",2023-08-06,"LOLIGO",69,14
"484",2023-08-06,"LOLIGO",67,12
"485",2023-08-06,"LOLIGO",83,20
"486",2023-08-06,"LOLIGO",84,20
"487",2023-08-06,"LOLIGO",106,32
"488",2023-08-06,"LOLIGO",74,18
"489",2023-08-06,"LOLIGO",80,18
"490",2023-08-06,"LOLIGO",87,24
"491",2023-08-06,"LOLIGO",88,20
"492",2023-08-06,"LOLIGO",80,18
"493",2023-08-06,"LOLIGO",84,20
"494",2023-08-06,"LOLIGO",86,20
"495",2023-08-06,"LOLIGO",69,14
"496",2023-08-06,"LOLIGO",67,10
"497",2023-08-06,"LOLIGO",79,18
"498",2023-08-06,"LOLIGO",76,16
"499",2023-08-06,"LOLIGO",81,20
"500",2023-08-06,"LOLIGO",91,26
"501",2023-08-06,"LOLIGO",66,10
"502",2023-08-06,"LOLIGO",77,18
"503",2023-08-06,"LOLIGO",68,14
"504",2023-08-06,"LOLIGO",75,16
"505",2023-08-06,"LOLIGO",80,18
"506",2023-08-06,"LOLIGO",78,18
"507",2023-08-06,"LOLIGO",82,22
"508",2023-08-06,"LOLIGO",87,22
"509",2023-08-06,"LOLIGO",75,16
"510",2023-08-06,"LOLIGO",82,24
"511",2023-08-06,"LOLIGO",79,20
"512",2023-08-06,"LOLIGO",90,24
"513",2023-08-06,"LOLIGO",72,16
"514",2023-08-06,"LOLIGO",71,18
"515",2023-08-06,"LOLIGO",73,12
"516",2023-09-06,"ILLEX",135,56
"517",2023-09-06,"ILLEX",150,64
"518",2023-09-06,"ILLEX",122,36
"519",2023-09-06,"ILLEX",162,96
"520",2023-09-06,"ILLEX",135,62
"521",2023-09-06,"ILLEX",142,70
"522",2023-09-06,"ILLEX",123,56
"523",2023-09-06,"ILLEX",130,50
"524",2023-09-06,"ILLEX",120,54
"525",2023-09-06,"ILLEX",114,44
"526",2023-09-06,"ILLEX",141,68
"527",2023-09-06,"ILLEX",125,32
"528",2023-09-06,"ILLEX",127,38
"529",2023-09-06,"ILLEX",120,36
"530",2023-09-06,"ILLEX",142,58
"531",2023-09-06,"ILLEX",154,74
"532",2023-09-06,"ILLEX",115,52
"533",2023-09-06,"ILLEX",132,50
"534",2023-09-06,"ILLEX",144,72
"535",2023-09-06,"ILLEX",125,42
"536",2023-09-06,"ILLEX",140,58
"537",2023-09-06,"ILLEX",121,38
"538",2023-09-06,"ILLEX",139,44
"539",2023-09-06,"ILLEX",160,76
"540",2023-09-06,"ILLEX",138,48
"541",2023-09-06,"ILLEX",128,54
"542",2023-09-06,"ILLEX",144,58
"543",2023-09-06,"ILLEX",130,38
"544",2023-09-06,"ILLEX",119,36
"545",2023-09-06,"ILLEX",129,48
"546",2023-09-06,"ILLEX",134,54
"547",2023-09-06,"ILLEX",129,50
"548",2023-09-06,"ILLEX",128,54
"549",2023-09-06,"ILLEX",116,34
"550",2023-09-06,"ILLEX",124,36
"551",2023-09-06,"ILLEX",118,34
"552",2023-09-06,"ILLEX",132,44
"553",2023-09-06,"ILLEX",151,74
"554",2023-09-06,"ILLEX",127,48
"555",2023-09-06,"ILLEX",128,44
"556",2023-09-06,"ILLEX",135,48
"557",2023-09-06,"ILLEX",120,34
"558",2023-09-06,"ILLEX",132,40
"559",2023-09-06,"ILLEX",141,52
"560",2023-09-06,"ILLEX",158,84
"561",2023-09-06,"ILLEX",121,32
"562",2023-09-06,"ILLEX",127,32
"563",2023-09-06,"ILLEX",121,36
"564",2023-09-06,"ILLEX",124,36
"565",2023-09-06,"ILLEX",147,58
"566",2023-09-06,"ILLEX",119,34
"567",2023-09-06,"ILLEX",129,38
"568",2023-09-06,"ILLEX",160,80
"569",2023-09-06,"ILLEX",110,26
"570",2023-09-06,"ILLEX",122,40
"571",2023-09-06,"ILLEX",110,26
"572",2023-09-06,"ILLEX",127,40
"573",2023-09-06,"ILLEX",126,44
"574",2023-09-06,"ILLEX",120,32
"575",2023-09-06,"ILLEX",130,36
"576",2023-09-06,"ILLEX",124,40
"577",2023-09-06,"ILLEX",108,26
"578",2023-09-06,"ILLEX",145,56
"579",2023-09-06,"ILLEX",123,36
"580",2023-09-06,"ILLEX",150,52
"581",2023-09-06,"ILLEX",123,32
"582",2023-09-06,"ILLEX",123,40
"583",2023-09-06,"ILLEX",113,30
"584",2023-09-06,"ILLEX",128,42
"585",2023-09-06,"ILLEX",131,48
"586",2023-09-06,"ILLEX",124,36
"587",2023-09-06,"ILLEX",136,50
"588",2023-09-06,"ILLEX",134,50
"589",2023-09-06,"ILLEX",115,2
"590",2023-09-06,"ILLEX",118,30
"591",2023-09-06,"ILLEX",137,54
"592",2023-09-06,"ILLEX",129,42
"593",2023-09-06,"ILLEX",139,54
"594",2023-09-06,"ILLEX",127,44
"595",2023-09-06,"ILLEX",122,34
"596",2023-09-06,"ILLEX",117,32
"597",2023-09-06,"ILLEX",125,40
"598",2023-09-06,"ILLEX",126,40
"599",2023-09-06,"ILLEX",172,96
"600",2023-09-06,"ILLEX",119,34
"601",2023-09-06,"ILLEX",142,58
"602",2023-09-06,"ILLEX",124,42
"603",2023-09-06,"ILLEX",119,34
"604",2023-09-06,"ILLEX",129,38
"605",2023-09-06,"ILLEX",125,32
"606",2023-09-06,"ILLEX",123,34
"607",2023-09-06,"ILLEX",138,46
"608",2023-09-06,"ILLEX",124,42
"609",2023-09-06,"ILLEX",120,36
"610",2023-09-06,"ILLEX",119,34
"611",2023-09-06,"ILLEX",108,26
"612",2023-09-06,"ILLEX",131,44
"613",2023-09-06,"ILLEX",126,2
"614",2023-09-06,"ILLEX",126,44
"615",2023-09-06,"ILLEX",130,32
"616",2023-09-06,"ILLEX",148,64
"617",2023-09-06,"ILLEX",125,34
"618",2023-09-06,"ILLEX",124,32
"619",2023-09-06,"ILLEX",125,36
"620",2023-09-06,"ILLEX",111,28
"621",2023-09-06,"ILLEX",129,40
"622",2023-09-06,"ILLEX",137,44
"623",2023-09-06,"ILLEX",120,34
"624",2023-09-06,"ILLEX",136,52
"625",2023-09-06,"ILLEX",150,64
"626",2023-09-06,"ILLEX",134,48
"627",2023-09-06,"ILLEX",123,36
"628",2023-09-06,"ILLEX",137,50
"629",2023-09-06,"ILLEX",110,26
"630",2023-09-06,"ILLEX",112,34
"631",2023-09-06,"ILLEX",140,56
"632",2023-09-06,"ILLEX",137,48
"633",2023-09-06,"ILLEX",122,4
"634",2023-09-06,"ILLEX",126,36
"635",2023-09-06,"ILLEX",127,40
"636",2023-09-06,"ILLEX",122,30
"637",2023-09-06,"ILLEX",123,38
"638",2023-09-06,"ILLEX",122,34
"639",2023-09-06,"ILLEX",124,38
"640",2023-09-06,"ILLEX",128,42
"641",2023-09-06,"ILLEX",129,42
"642",2023-09-06,"ILLEX",117,32
"643",2023-09-06,"ILLEX",135,46
"644",2023-09-06,"ILLEX",143,54
"645",2023-09-06,"ILLEX",126,36
"646",2023-09-06,"ILLEX",122,34
"647",2023-09-06,"ILLEX",125,44
"648",2023-09-06,"ILLEX",132,50
"649",2023-09-06,"ILLEX",137,48
"650",2023-09-06,"ILLEX",130,46
"651",2023-09-06,"ILLEX",125,34
"652",2023-09-06,"ILLEX",130,40
"653",2023-09-06,"ILLEX",140,56
"654",2023-09-06,"ILLEX",127,42
"655",2023-09-06,"ILLEX",122,36
"656",2023-09-06,"ILLEX",144,54
"657",2023-09-06,"ILLEX",129,38
"658",2023-09-06,"ILLEX",133,46
"659",2023-09-06,"ILLEX",122,34
"660",2023-09-06,"ILLEX",118,34
"661",2023-09-06,"ILLEX",121,36
"662",2023-09-06,"ILLEX",122,34
"663",2023-09-06,"ILLEX",124,38
"664",2023-09-06,"ILLEX",130,40
"665",2023-09-06,"ILLEX",127,38
"666",2023-09-06,"ILLEX",128,38
"667",2023-09-06,"ILLEX",122,40
"668",2023-09-06,"ILLEX",134,44
"669",2023-09-06,"ILLEX",131,44
"670",2023-09-06,"ILLEX",120,38
"671",2023-09-06,"ILLEX",125,44
"672",2023-09-06,"ILLEX",168,86
"673",2023-09-06,"ILLEX",151,72
"674",2023-09-06,"ILLEX",119,6
"675",2023-09-06,"ILLEX",124,36
"676",2023-09-06,"ILLEX",116,48
"677",2023-09-06,"ILLEX",122,42
"678",2023-09-06,"ILLEX",130,46
"679",2023-09-06,"ILLEX",127,38
"680",2023-09-06,"ILLEX",129,44
"681",2023-09-06,"ILLEX",126,58
"682",2023-09-06,"ILLEX",113,32
"683",2023-09-06,"ILLEX",122,38
"684",2023-09-06,"ILLEX",121,34
"685",2023-09-06,"ILLEX",128,40
"686",2023-09-06,"ILLEX",128,38
"687",2023-09-06,"ILLEX",130,40
"688",2023-09-06,"ILLEX",130,40
"689",2023-09-06,"ILLEX",124,32
"690",2023-09-06,"ILLEX",115,36
"691",2023-09-06,"ILLEX",128,36
"692",2023-09-06,"ILLEX",110,32
"693",2023-09-06,"ILLEX",128,40
"694",2023-09-06,"ILLEX",127,36
"695",2023-09-06,"ILLEX",133,44
"696",2023-09-06,"ILLEX",130,42
"697",2023-09-06,"ILLEX",127,40
"698",2023-09-06,"ILLEX",126,36
"699",2023-09-06,"ILLEX",121,36
"700",2023-09-06,"ILLEX",127,40
"701",2023-09-06,"ILLEX",123,38
"702",2023-09-06,"ILLEX",123,32
"703",2023-09-06,"ILLEX",126,40
"704",2023-09-06,"ILLEX",122,32
"705",2023-09-06,"ILLEX",130,44
"706",2023-09-06,"ILLEX",129,42
"707",2023-09-06,"ILLEX",120,34
"708",2023-09-06,"ILLEX",123,42
"709",2023-09-06,"ILLEX",132,44
"710",2023-09-06,"ILLEX",131,44
"711",2023-09-06,"ILLEX",134,56
"712",2023-09-06,"ILLEX",129,44
"713",2023-09-06,"ILLEX",123,38
"714",2023-09-06,"ILLEX",113,36
"715",2023-09-06,"ILLEX",137,50
"716",2023-09-06,"ILLEX",144,68
"717",2023-09-06,"ILLEX",137,46
"718",2023-09-06,"ILLEX",124,36
"719",2023-09-06,"ILLEX",120,40
"720",2023-09-06,"ILLEX",115,32
"721",2023-09-06,"ILLEX",117,36
"722",2023-09-06,"ILLEX",124,40
"723",2023-09-06,"ILLEX",128,40
"724",2023-09-06,"ILLEX",125,40
"725",2023-09-06,"ILLEX",136,46
"726",2023-09-06,"ILLEX",127,36
"727",2023-09-06,"ILLEX",142,54
"728",2023-09-06,"ILLEX",121,36
"729",2023-09-06,"ILLEX",127,42
"730",2023-09-06,"ILLEX",135,48
"731",2023-09-06,"ILLEX",127,44
"732",2023-09-06,"ILLEX",112,32
"733",2023-09-06,"ILLEX",130,40
"734",2023-09-06,"ILLEX",129,44
"735",2023-09-06,"ILLEX",121,38
"736",2023-09-06,"ILLEX",131,44
"737",2023-09-06,"ILLEX",129,46
"738",2023-09-06,"ILLEX",126,42
"739",2023-09-06,"ILLEX",117,34
"740",2023-09-06,"ILLEX",139,46
"741",2023-09-06,"ILLEX",125,34
"742",2023-09-06,"ILLEX",139,50
"743",2023-09-06,"ILLEX",141,50
"744",2023-09-06,"ILLEX",130,42
"745",2023-09-06,"ILLEX",119,38
"746",2023-09-06,"ILLEX",129,40
"747",2023-09-06,"ILLEX",128,42
"748",2023-09-06,"ILLEX",134,52
"749",2023-09-06,"ILLEX",116,32
"750",2023-09-06,"ILLEX",123,36
"751",2023-09-06,"ILLEX",123,32
"752",2023-09-06,"ILLEX",128,38
"753",2023-09-06,"ILLEX",121,38
"754",2023-09-06,"ILLEX",130,42
"755",2023-09-06,"ILLEX",130,44
"756",2023-09-06,"ILLEX",127,44
"757",2023-09-06,"ILLEX",124,40
"758",2023-09-06,"ILLEX",134,48
"759",2023-09-06,"ILLEX",135,46
"760",2023-09-06,"ILLEX",125,40
"761",2023-09-06,"LOLIGO",84,20
"762",2023-09-06,"LOLIGO",86,24
"763",2023-09-06,"LOLIGO",91,22
"764",2023-09-06,"LOLIGO",127,62
"765",2023-09-06,"LOLIGO",90,24
"766",2023-09-06,"LOLIGO",146,66
"767",2023-09-06,"LOLIGO",104,38
"768",2023-09-06,"LOLIGO",81,16
"769",2023-09-06,"LOLIGO",92,28
"770",2023-09-06,"LOLIGO",82,24
"771",2023-09-06,"LOLIGO",101,39
"772",2023-09-06,"LOLIGO",76,20
"773",2023-09-06,"LOLIGO",108,42
"774",2023-09-06,"LOLIGO",86,24
"775",2023-09-06,"LOLIGO",135,56
"776",2023-09-06,"LOLIGO",83,22
"777",2023-09-06,"LOLIGO",78,20
"778",2023-09-06,"LOLIGO",105,32
"779",2023-09-06,"LOLIGO",69,14
"780",2023-09-06,"LOLIGO",110,49
"781",2023-09-06,"LOLIGO",83,20
"782",2023-09-06,"LOLIGO",77,22
"783",2023-09-06,"LOLIGO",114,40
"784",2023-09-06,"LOLIGO",97,30
"785",2023-09-06,"LOLIGO",108,36
"786",2023-09-06,"LOLIGO",79,18
"787",2023-09-06,"LOLIGO",86,24
"788",2023-09-06,"LOLIGO",101,34
"789",2023-09-06,"LOLIGO",77,16
"790",2023-09-06,"LOLIGO",96,32
"791",2023-09-06,"LOLIGO",86,22
"792",2023-09-06,"LOLIGO",78,18
"793",2023-09-06,"LOLIGO",82,22
"794",2023-09-06,"LOLIGO",101,38
"795",2023-09-06,"LOLIGO",78,20
"796",2023-09-06,"LOLIGO",108,36
"797",2023-09-06,"LOLIGO",95,26
"798",2023-09-06,"LOLIGO",104,34
"799",2023-09-06,"LOLIGO",88,24
"800",2023-09-06,"ILLEX",158,82
"801",2023-09-06,"ILLEX",109,36
"802",2023-09-06,"ILLEX",145,56
"803",2023-09-06,"ILLEX",116,34
"804",2023-09-06,"ILLEX",141,58
"805",2023-09-06,"ILLEX",116,40
"806",2023-09-06,"ILLEX",151,94
"807",2023-09-06,"ILLEX",150,80
"808",2023-09-06,"ILLEX",124,50
"809",2023-09-06,"ILLEX",124,58
"810",2023-09-06,"ILLEX",128,44
"811",2023-09-06,"ILLEX",134,60
"812",2023-09-06,"ILLEX",144,62
"813",2023-09-06,"ILLEX",165,90
"814",2023-09-06,"ILLEX",134,50
"815",2023-09-06,"ILLEX",125,50
"816",2023-09-06,"ILLEX",129,48
"817",2023-09-06,"ILLEX",163,104
"818",2023-09-06,"ILLEX",153,72
"819",2023-09-06,"ILLEX",124,42
"820",2023-09-06,"ILLEX",124,46
"821",2023-09-06,"ILLEX",124,46
"822",2023-09-06,"ILLEX",146,64
"823",2023-09-06,"ILLEX",114,36
"824",2023-09-06,"ILLEX",120,40
"825",2023-09-06,"ILLEX",94,34
"826",2023-09-06,"ILLEX",129,44
"827",2023-09-06,"ILLEX",162,88
"828",2023-09-06,"ILLEX",119,44
"829",2023-09-06,"ILLEX",120,34
"830",2023-09-06,"ILLEX",157,76
"831",2023-09-06,"ILLEX",136,50
"832",2023-09-06,"ILLEX",114,38
"833",2023-09-06,"ILLEX",127,42
"834",2023-09-06,"ILLEX",147,68
"835",2023-09-06,"ILLEX",152,84
"836",2023-09-06,"ILLEX",114,26
"837",2023-09-06,"ILLEX",131,52
"838",2023-09-06,"ILLEX",129,44
"839",2023-09-06,"ILLEX",131,44
"840",2023-09-06,"ILLEX",155,74
"841",2023-09-06,"ILLEX",158,80
"842",2023-09-06,"ILLEX",130,40
"843",2023-09-06,"ILLEX",137,50
"844",2023-09-06,"ILLEX",173,94
"845",2023-09-06,"ILLEX",138,48
"846",2023-09-06,"ILLEX",163,96
"847",2023-09-06,"ILLEX",162,88
"848",2023-09-06,"ILLEX",167,88
"849",2023-09-06,"ILLEX",156,78
"850",2023-09-06,"ILLEX",165,80
"851",2023-09-06,"ILLEX",121,40
"852",2023-09-06,"ILLEX",121,34
"853",2023-09-06,"ILLEX",123,40
"854",2023-09-06,"ILLEX",140,52
"855",2023-09-06,"ILLEX",139,50
"856",2023-09-06,"ILLEX",148,54
"857",2023-09-06,"ILLEX",136,44
"858",2023-09-06,"ILLEX",143,54
"859",2023-09-06,"ILLEX",129,44
"860",2023-09-06,"ILLEX",156,74
"861",2023-09-06,"ILLEX",140,54
"862",2023-09-06,"ILLEX",135,44
"863",2023-09-06,"ILLEX",152,76
"864",2023-09-06,"ILLEX",171,98
"865",2023-09-06,"ILLEX",125,36
"866",2023-09-06,"ILLEX",169,92
"867",2023-09-06,"ILLEX",111,34
"868",2023-09-06,"ILLEX",128,48
"869",2023-09-06,"ILLEX",168,92
"870",2023-09-06,"ILLEX",131,46
"871",2023-09-06,"ILLEX",157,82
"872",2023-09-06,"ILLEX",161,84
"873",2023-09-06,"ILLEX",139,56
"874",2023-09-06,"ILLEX",159,84
"875",2023-09-06,"ILLEX",135,46
"876",2023-09-06,"ILLEX",162,68
"877",2023-09-06,"ILLEX",154,84
"878",2023-09-06,"ILLEX",144,52
"879",2023-09-06,"ILLEX",146,60
"880",2023-09-06,"ILLEX",124,38
"881",2023-09-06,"ILLEX",135,52
"882",2023-09-06,"ILLEX",153,80
"883",2023-09-06,"ILLEX",130,40
"884",2023-09-06,"ILLEX",141,50
"885",2023-09-06,"ILLEX",164,86
"886",2023-09-06,"ILLEX",138,48
"887",2023-09-06,"ILLEX",137,52
"888",2023-09-06,"ILLEX",137,48
"889",2023-09-06,"ILLEX",135,64
"890",2023-09-06,"ILLEX",117,32
"891",2023-09-06,"ILLEX",144,52
"892",2023-09-06,"ILLEX",118,38
"893",2023-09-06,"ILLEX",116,34
"894",2023-09-06,"ILLEX",127,34
"895",2023-09-06,"ILLEX",113,30
"896",2023-09-06,"ILLEX",122,36
"897",2023-09-06,"ILLEX",128,44
"898",2023-09-06,"ILLEX",130,34
"899",2023-09-06,"ILLEX",132,38
"900",2023-09-06,"ILLEX",173,102
"901",2023-09-06,"ILLEX",159,84
"902",2023-09-06,"ILLEX",137,50
"903",2023-09-06,"ILLEX",132,44
"904",2023-09-06,"ILLEX",143,58
"905",2023-09-06,"ILLEX",149,68
"906",2023-09-06,"ILLEX",156,76
"907",2023-09-06,"ILLEX",143,56
"908",2023-09-06,"ILLEX",158,74
"909",2023-09-06,"ILLEX",135,46
"910",2023-09-06,"ILLEX",173,86
"911",2023-09-06,"ILLEX",163,80
"912",2023-09-06,"ILLEX",169,90
"913",2023-09-06,"ILLEX",171,92
"914",2023-09-06,"ILLEX",164,68
"915",2023-09-06,"ILLEX",131,4
"916",2023-09-06,"ILLEX",121,36
"917",2023-09-06,"ILLEX",149,58
"918",2023-09-06,"ILLEX",157,80
"919",2023-09-06,"ILLEX",151,62
"920",2023-09-06,"ILLEX",140,48
"921",2023-09-06,"ILLEX",130,46
"922",2023-09-06,"ILLEX",133,48
"923",2023-09-06,"ILLEX",130,42
"924",2023-09-06,"ILLEX",137,52
"925",2023-09-06,"ILLEX",135,50
"926",2023-09-06,"ILLEX",143,52
"927",2023-09-06,"ILLEX",144,52
"928",2023-09-06,"ILLEX",143,54
"929",2023-09-06,"ILLEX",130,44
"930",2023-09-06,"ILLEX",151,68
"931",2023-09-06,"ILLEX",136,48
"932",2023-09-06,"ILLEX",139,48
"933",2023-09-06,"ILLEX",181,100
"934",2023-09-06,"ILLEX",179,86
"935",2023-09-06,"ILLEX",145,52
"936",2023-09-06,"ILLEX",140,54
"937",2023-09-06,"ILLEX",170,98
"938",2023-09-06,"ILLEX",143,70
"939",2023-09-06,"ILLEX",162,84
"940",2023-09-06,"ILLEX",139,48
"941",2023-09-06,"ILLEX",151,72
"942",2023-09-06,"ILLEX",138,46
"943",2023-09-06,"ILLEX",126,38
"944",2023-09-06,"ILLEX",130,44
"945",2023-09-06,"ILLEX",140,46
"946",2023-09-06,"ILLEX",174,94
"947",2023-09-06,"ILLEX",179,92
"948",2023-09-06,"ILLEX",153,78
"949",2023-09-06,"ILLEX",175,102
"950",2023-09-06,"ILLEX",169,94
"951",2023-09-06,"ILLEX",141,50
"952",2023-09-06,"ILLEX",149,68
"953",2023-09-06,"ILLEX",147,60
"954",2023-09-06,"ILLEX",137,40
"955",2023-09-06,"ILLEX",129,44
"956",2023-09-06,"ILLEX",159,80
"957",2023-09-06,"ILLEX",165,82
"958",2023-09-06,"ILLEX",135,44
"959",2023-09-06,"ILLEX",189,116
"960",2023-09-06,"ILLEX",169,86
"961",2023-09-06,"ILLEX",171,90
"962",2023-09-06,"ILLEX",169,90
"963",2023-09-06,"ILLEX",139,54
"964",2023-09-06,"ILLEX",167,88
"965",2023-09-06,"ILLEX",164,86
"966",2023-09-06,"ILLEX",172,102
"967",2023-09-06,"ILLEX",166,94
"968",2023-09-06,"ILLEX",130,44
"969",2023-09-06,"ILLEX",170,88
"970",2023-09-06,"ILLEX",136,40
"971",2023-09-06,"ILLEX",135,44
"972",2023-09-06,"ILLEX",122,40
"973",2023-09-06,"ILLEX",157,60
"974",2023-09-06,"ILLEX",140,66
"975",2023-09-06,"ILLEX",163,70
"976",2023-09-06,"ILLEX",135,44
"977",2023-09-06,"ILLEX",165,82
"978",2023-09-06,"ILLEX",127,40
"979",2023-09-06,"ILLEX",168,100
"980",2023-09-06,"ILLEX",142,50
"981",2023-09-06,"ILLEX",151,58
"982",2023-09-06,"ILLEX",167,78
"983",2023-09-06,"ILLEX",162,78
"984",2023-09-06,"ILLEX",143,52
"985",2023-09-06,"ILLEX",139,48
"986",2023-09-06,"ILLEX",137,44
"987",2023-09-06,"ILLEX",127,34
"988",2023-09-06,"ILLEX",140,72
"989",2023-09-06,"ILLEX",127,52
"990",2023-09-06,"ILLEX",138,54
"991",2023-09-06,"ILLEX",176,98
"992",2023-09-06,"ILLEX",141,48
"993",2023-09-06,"ILLEX",135,50
"994",2023-09-06,"ILLEX",157,69
"995",2023-09-06,"ILLEX",168,88
"996",2023-09-06,"ILLEX",126,44
"997",2023-09-06,"ILLEX",134,42
"998",2023-09-06,"LOLIGO",66,18
"999",2023-09-06,"LOLIGO",98,34
"1000",2023-09-06,"LOLIGO",82,28
"1001",2023-09-06,"LOLIGO",75,12
"1002",2023-09-06,"LOLIGO",98,28
"1003",2023-09-06,"LOLIGO",119,46
"1004",2023-09-06,"LOLIGO",79,16
"1005",2023-10-06,"ILLEX",141,46
"1006",2023-10-06,"ILLEX",138,46
"1007",2023-10-06,"ILLEX",165,86
"1008",2023-10-06,"ILLEX",134,44
"1009",2023-10-06,"ILLEX",135,46
"1010",2023-10-06,"ILLEX",119,34
"1011",2023-10-06,"ILLEX",133,42
"1012",2023-10-06,"ILLEX",132,36
"1013",2023-10-06,"ILLEX",121,36
"1014",2023-10-06,"ILLEX",136,40
"1015",2023-10-06,"ILLEX",124,42
"1016",2023-10-06,"ILLEX",122,36
"1017",2023-10-06,"ILLEX",130,44
"1018",2023-10-06,"ILLEX",130,42
"1019",2023-10-06,"ILLEX",131,42
"1020",2023-10-06,"ILLEX",135,46
"1021",2023-10-06,"ILLEX",138,46
"1022",2023-10-06,"ILLEX",125,32
"1023",2023-10-06,"ILLEX",140,48
"1024",2023-10-06,"ILLEX",140,48
"1025",2023-10-06,"ILLEX",128,38
"1026",2023-10-06,"ILLEX",160,78
"1027",2023-10-06,"ILLEX",121,36
"1028",2023-10-06,"ILLEX",119,36
"1029",2023-10-06,"ILLEX",130,40
"1030",2023-10-06,"ILLEX",129,44
"1031",2023-10-06,"ILLEX",120,34
"1032",2023-10-06,"ILLEX",127,42
"1033",2023-10-06,"ILLEX",131,42
"1034",2023-10-06,"ILLEX",131,40
"1035",2023-10-06,"ILLEX",126,36
"1036",2023-10-06,"ILLEX",127,38
"1037",2023-10-06,"ILLEX",136,44
"1038",2023-10-06,"ILLEX",128,36
"1039",2023-10-06,"ILLEX",120,32
"1040",2023-10-06,"ILLEX",136,42
"1041",2023-10-06,"ILLEX",128,32
"1042",2023-10-06,"ILLEX",127,36
"1043",2023-10-06,"ILLEX",134,42
"1044",2023-10-06,"ILLEX",155,70
"1045",2023-10-06,"ILLEX",132,36
"1046",2023-10-06,"ILLEX",135,44
"1047",2023-10-06,"ILLEX",128,40
"1048",2023-10-06,"ILLEX",134,40
"1049",2023-10-06,"ILLEX",128,40
"1050",2023-10-06,"ILLEX",131,42
"1051",2023-10-06,"ILLEX",131,42
"1052",2023-10-06,"ILLEX",128,40
"1053",2023-10-06,"ILLEX",130,42
"1054",2023-10-06,"ILLEX",159,80
"1055",2023-10-06,"ILLEX",131,38
"1056",2023-10-06,"ILLEX",127,34
"1057",2023-10-06,"ILLEX",143,50
"1058",2023-10-06,"ILLEX",137,40
"1059",2023-10-06,"ILLEX",128,40
"1060",2023-10-06,"ILLEX",128,38
"1061",2023-10-06,"ILLEX",124,32
"1062",2023-10-06,"ILLEX",129,34
"1063",2023-10-06,"ILLEX",125,38
"1064",2023-10-06,"ILLEX",122,32
"1065",2023-10-06,"ILLEX",124,28
"1066",2023-10-06,"ILLEX",127,44
"1067",2023-10-06,"ILLEX",135,50
"1068",2023-10-06,"ILLEX",143,50
"1069",2023-10-06,"ILLEX",124,34
"1070",2023-10-06,"ILLEX",166,94
"1071",2023-10-06,"ILLEX",120,32
"1072",2023-10-06,"ILLEX",130,40
"1073",2023-10-06,"ILLEX",129,46
"1074",2023-10-06,"ILLEX",138,46
"1075",2023-10-06,"ILLEX",118,32
"1076",2023-10-06,"ILLEX",124,34
"1077",2023-10-06,"ILLEX",127,38
"1078",2023-10-06,"ILLEX",132,40
"1079",2023-10-06,"ILLEX",139,48
"1080",2023-10-06,"ILLEX",127,42
"1081",2023-10-06,"ILLEX",135,44
"1082",2023-10-06,"ILLEX",132,42
"1083",2023-10-06,"ILLEX",129,46
"1084",2023-10-06,"ILLEX",143,56
"1085",2023-10-06,"ILLEX",139,54
"1086",2023-10-06,"ILLEX",127,38
"1087",2023-10-06,"ILLEX",135,44
"1088",2023-10-06,"ILLEX",123,36
"1089",2023-10-06,"ILLEX",133,48
"1090",2023-10-06,"ILLEX",135,42
"1091",2023-10-06,"ILLEX",140,46
"1092",2023-10-06,"ILLEX",138,48
"1093",2023-10-06,"ILLEX",144,56
"1094",2023-10-06,"ILLEX",132,46
"1095",2023-10-06,"ILLEX",128,42
"1096",2023-10-06,"ILLEX",122,32
"1097",2023-10-06,"ILLEX",131,46
"1098",2023-10-06,"ILLEX",137,58
"1099",2023-10-06,"ILLEX",130,36
"1100",2023-10-06,"ILLEX",122,32
"1101",2023-10-06,"ILLEX",117,30
"1102",2023-10-06,"ILLEX",129,38
"1103",2023-10-06,"ILLEX",145,54
"1104",2023-10-06,"ILLEX",126,38
"1105",2023-10-06,"ILLEX",141,46
"1106",2023-10-06,"ILLEX",128,42
"1107",2023-10-06,"ILLEX",126,38
"1108",2023-10-06,"ILLEX",136,44
"1109",2023-10-06,"ILLEX",141,48
"1110",2023-10-06,"ILLEX",130,48
"1111",2023-10-06,"ILLEX",137,38
"1112",2023-10-06,"ILLEX",135,54
"1113",2023-10-06,"ILLEX",135,46
"1114",2023-10-06,"ILLEX",135,48
"1115",2023-10-06,"ILLEX",138,54
"1116",2023-10-06,"ILLEX",133,42
"1117",2023-10-06,"ILLEX",131,38
"1118",2023-10-06,"ILLEX",136,42
"1119",2023-10-06,"ILLEX",150,72
"1120",2023-10-06,"ILLEX",126,36
"1121",2023-10-06,"ILLEX",153,70
"1122",2023-10-06,"ILLEX",138,56
"1123",2023-10-06,"ILLEX",122,36
"1124",2023-10-06,"ILLEX",138,48
"1125",2023-10-06,"ILLEX",120,36
"1126",2023-10-06,"ILLEX",125,32
"1127",2023-10-06,"ILLEX",137,42
"1128",2023-10-06,"ILLEX",134,38
"1129",2023-10-06,"ILLEX",144,54
"1130",2023-10-06,"ILLEX",146,56
"1131",2023-10-06,"ILLEX",136,48
"1132",2023-10-06,"ILLEX",129,40
"1133",2023-10-06,"ILLEX",130,38
"1134",2023-10-06,"ILLEX",135,40
"1135",2023-10-06,"ILLEX",149,72
"1136",2023-10-06,"ILLEX",127,38
"1137",2023-10-06,"ILLEX",122,36
"1138",2023-10-06,"ILLEX",131,42
"1139",2023-10-06,"ILLEX",127,36
"1140",2023-10-06,"ILLEX",121,34
"1141",2023-10-06,"ILLEX",130,48
"1142",2023-10-06,"ILLEX",131,38
"1143",2023-10-06,"ILLEX",135,44
"1144",2023-10-06,"ILLEX",124,34
"1145",2023-10-06,"ILLEX",123,34
"1146",2023-10-06,"ILLEX",137,48
"1147",2023-10-06,"ILLEX",135,44
"1148",2023-10-06,"ILLEX",135,42
"1149",2023-10-06,"ILLEX",148,76
"1150",2023-10-06,"ILLEX",134,42
"1151",2023-10-06,"ILLEX",125,38
"1152",2023-10-06,"ILLEX",131,48
"1153",2023-10-06,"ILLEX",139,50
"1154",2023-10-06,"ILLEX",123,38
"1155",2023-10-06,"ILLEX",123,36
"1156",2023-10-06,"ILLEX",136,40
"1157",2023-10-06,"ILLEX",169,90
"1158",2023-10-06,"ILLEX",153,76
"1159",2023-10-06,"ILLEX",126,36
"1160",2023-10-06,"ILLEX",133,44
"1161",2023-10-06,"ILLEX",138,48
"1162",2023-10-06,"ILLEX",133,54
"1163",2023-10-06,"ILLEX",143,54
"1164",2023-10-06,"ILLEX",128,42
"1165",2023-10-06,"ILLEX",124,38
"1166",2023-10-06,"ILLEX",125,40
"1167",2023-10-06,"ILLEX",135,42
"1168",2023-10-06,"ILLEX",123,42
"1169",2023-10-06,"ILLEX",135,42
"1170",2023-10-06,"ILLEX",133,42
"1171",2023-10-06,"ILLEX",142,50
"1172",2023-10-06,"ILLEX",112,32
"1173",2023-10-06,"ILLEX",126,30
"1174",2023-10-06,"ILLEX",142,52
"1175",2023-10-06,"ILLEX",133,42
"1176",2023-10-06,"ILLEX",122,30
"1177",2023-10-06,"ILLEX",143,56
"1178",2023-10-06,"ILLEX",138,48
"1179",2023-10-06,"ILLEX",133,40
"1180",2023-10-06,"ILLEX",123,34
"1181",2023-10-06,"ILLEX",156,72
"1182",2023-10-06,"ILLEX",140,50
"1183",2023-10-06,"ILLEX",144,46
"1184",2023-10-06,"ILLEX",142,46
"1185",2023-10-06,"ILLEX",134,40
"1186",2023-10-06,"ILLEX",124,34
"1187",2023-10-06,"ILLEX",129,40
"1188",2023-10-06,"ILLEX",137,42
"1189",2023-10-06,"ILLEX",142,54
"1190",2023-10-06,"ILLEX",128,38
"1191",2023-10-06,"ILLEX",133,40
"1192",2023-10-06,"ILLEX",143,52
"1193",2023-10-06,"ILLEX",149,54
"1194",2023-10-06,"ILLEX",128,42
"1195",2023-10-06,"ILLEX",138,46
"1196",2023-10-06,"ILLEX",129,40
"1197",2023-10-06,"ILLEX",132,46
"1198",2023-10-06,"ILLEX",129,40
"1199",2023-10-06,"ILLEX",121,36
"1200",2023-10-06,"ILLEX",136,44
"1201",2023-10-06,"ILLEX",115,28
"1202",2023-10-06,"ILLEX",132,42
"1203",2023-10-06,"ILLEX",134,42
"1204",2023-10-06,"ILLEX",141,52
"1205",2023-10-06,"LOLIGO",130,52
"1206",2023-10-06,"LOLIGO",129,60
"1207",2023-10-06,"LOLIGO",87,18
"1208",2023-10-06,"LOLIGO",111,44
"1209",2023-10-06,"LOLIGO",108,38
"1210",2023-10-06,"LOLIGO",76,18
"1211",2023-10-06,"LOLIGO",111,40
"1212",2023-10-06,"LOLIGO",66,10
"1213",2023-10-06,"LOLIGO",90,26
"1214",2023-10-06,"LOLIGO",77,18
"1215",2023-10-06,"LOLIGO",109,38
"1216",2023-10-06,"LOLIGO",89,24
"1217",2023-10-06,"LOLIGO",64,10
"1218",2023-10-06,"LOLIGO",96,30
"1219",2023-10-06,"LOLIGO",98,30
"1220",2023-10-06,"LOLIGO",73,14
"1221",2023-10-06,"LOLIGO",83,20
"1222",2023-10-06,"LOLIGO",90,26
"1223",2023-10-06,"LOLIGO",93,32
"1224",2023-10-06,"LOLIGO",62,10
"1225",2023-10-06,"LOLIGO",48,6
"1226",2023-10-06,"LOLIGO",66,14
"1227",2023-10-06,"ILLEX",118,36
"1228",2023-10-06,"ILLEX",123,46
"1229",2023-10-06,"ILLEX",133,48
"1230",2023-10-06,"ILLEX",123,40
"1231",2023-10-06,"ILLEX",133,44
"1232",2023-10-06,"ILLEX",129,46
"1233",2023-10-06,"ILLEX",130,48
"1234",2023-10-06,"ILLEX",129,54
"1235",2023-10-06,"ILLEX",128,46
"1236",2023-10-06,"ILLEX",113,38
"1237",2023-10-06,"ILLEX",126,48
"1238",2023-10-06,"ILLEX",129,36
"1239",2023-10-06,"ILLEX",122,38
"1240",2023-10-06,"ILLEX",121,50
"1241",2023-10-06,"ILLEX",120,40
"1242",2023-10-06,"ILLEX",125,38
"1243",2023-10-06,"ILLEX",118,32
"1244",2023-10-06,"ILLEX",129,42
"1245",2023-10-06,"ILLEX",142,52
"1246",2023-10-06,"ILLEX",128,46
"1247",2023-10-06,"ILLEX",135,48
"1248",2023-10-06,"ILLEX",141,62
"1249",2023-10-06,"ILLEX",139,42
"1250",2023-10-06,"ILLEX",123,42
"1251",2023-10-06,"ILLEX",129,46
"1252",2023-10-06,"ILLEX",148,74
"1253",2023-10-06,"ILLEX",127,44
"1254",2023-10-06,"ILLEX",122,46
"1255",2023-10-06,"ILLEX",123,48
"1256",2023-10-06,"ILLEX",129,44
"1257",2023-10-06,"ILLEX",131,42
"1258",2023-10-06,"ILLEX",120,44
"1259",2023-10-06,"ILLEX",129,38
"1260",2023-10-06,"ILLEX",131,52
"1261",2023-10-06,"ILLEX",150,62
"1262",2023-10-06,"ILLEX",122,38
"1263",2023-10-06,"ILLEX",127,38
"1264",2023-10-06,"ILLEX",137,58
"1265",2023-10-06,"ILLEX",119,32
"1266",2023-10-06,"ILLEX",127,52
"1267",2023-10-06,"ILLEX",132,42
"1268",2023-10-06,"ILLEX",122,44
"1269",2023-10-06,"ILLEX",132,42
"1270",2023-10-06,"ILLEX",124,30
"1271",2023-10-06,"ILLEX",125,34
"1272",2023-10-06,"ILLEX",113,30
"1273",2023-10-06,"ILLEX",118,32
"1274",2023-10-06,"ILLEX",137,50
"1275",2023-10-06,"ILLEX",124,30
"1276",2023-10-06,"ILLEX",112,32
"1277",2023-10-06,"ILLEX",117,34
"1278",2023-10-06,"ILLEX",133,42
"1279",2023-10-06,"ILLEX",141,56
"1280",2023-10-06,"ILLEX",131,46
"1281",2023-10-06,"ILLEX",127,36
"1282",2023-10-06,"ILLEX",135,58
"1283",2023-10-06,"ILLEX",125,42
"1284",2023-10-06,"ILLEX",126,42
"1285",2023-10-06,"ILLEX",133,46
"1286",2023-10-06,"ILLEX",120,42
"1287",2023-10-06,"ILLEX",124,44
"1288",2023-10-06,"ILLEX",135,48
"1289",2023-10-06,"ILLEX",154,66
"1290",2023-10-06,"ILLEX",130,40
"1291",2023-10-06,"ILLEX",126,44
"1292",2023-10-06,"ILLEX",133,46
"1293",2023-10-06,"ILLEX",134,56
"1294",2023-10-06,"ILLEX",135,42
"1295",2023-10-06,"ILLEX",151,80
"1296",2023-10-06,"ILLEX",137,50
"1297",2023-10-06,"ILLEX",128,40
"1298",2023-10-06,"ILLEX",120,32
"1299",2023-10-06,"ILLEX",115,36
"1300",2023-10-06,"ILLEX",121,36
"1301",2023-10-06,"ILLEX",119,34
"1302",2023-10-06,"ILLEX",129,38
"1303",2023-10-06,"ILLEX",216,194
"1304",2023-10-06,"ILLEX",138,52
"1305",2023-10-06,"ILLEX",130,42
"1306",2023-10-06,"ILLEX",140,50
"1307",2023-10-06,"ILLEX",136,48
"1308",2023-10-06,"ILLEX",130,50
"1309",2023-10-06,"ILLEX",122,36
"1310",2023-10-06,"ILLEX",120,32
"1311",2023-10-06,"ILLEX",124,38
"1312",2023-10-06,"ILLEX",127,34
"1313",2023-10-06,"ILLEX",141,56
"1314",2023-10-06,"ILLEX",129,40
"1315",2023-10-06,"ILLEX",133,48
"1316",2023-10-06,"ILLEX",115,32
"1317",2023-10-06,"ILLEX",120,38
"1318",2023-10-06,"ILLEX",143,54
"1319",2023-10-06,"ILLEX",121,36
"1320",2023-10-06,"ILLEX",135,40
"1321",2023-10-06,"ILLEX",138,52
"1322",2023-10-06,"ILLEX",136,46
"1323",2023-10-06,"ILLEX",145,52
"1324",2023-10-06,"ILLEX",135,42
"1325",2023-10-06,"ILLEX",132,46
"1326",2023-10-06,"ILLEX",143,52
"1327",2023-10-06,"ILLEX",123,38
"1328",2023-10-06,"ILLEX",131,48
"1329",2023-10-06,"ILLEX",134,42
"1330",2023-10-06,"ILLEX",128,46
"1331",2023-10-06,"ILLEX",144,54
"1332",2023-10-06,"ILLEX",134,44
"1333",2023-10-06,"ILLEX",135,46
"1334",2023-10-06,"ILLEX",124,44
"1335",2023-10-06,"ILLEX",129,44
"1336",2023-10-06,"ILLEX",101,34
"1337",2023-10-06,"ILLEX",185,122
"1338",2023-10-06,"ILLEX",139,44
"1339",2023-10-06,"ILLEX",144,60
"1340",2023-10-06,"ILLEX",123,42
"1341",2023-10-06,"ILLEX",140,50
"1342",2023-10-06,"ILLEX",125,38
"1343",2023-10-06,"ILLEX",112,32
"1344",2023-10-06,"ILLEX",129,40
"1345",2023-10-06,"ILLEX",125,34
"1346",2023-10-06,"ILLEX",162,80
"1347",2023-10-06,"ILLEX",126,34
"1348",2023-10-06,"ILLEX",123,40
"1349",2023-10-06,"ILLEX",120,34
"1350",2023-10-06,"ILLEX",122,36
"1351",2023-10-06,"ILLEX",138,50
"1352",2023-10-06,"ILLEX",120,30
"1353",2023-10-06,"ILLEX",115,32
"1354",2023-10-06,"ILLEX",119,36
"1355",2023-10-06,"ILLEX",130,44
"1356",2023-10-06,"ILLEX",128,40
"1357",2023-10-06,"ILLEX",132,42
"1358",2023-10-06,"ILLEX",128,40
"1359",2023-10-06,"ILLEX",153,54
"1360",2023-10-06,"ILLEX",146,2
"1361",2023-10-06,"ILLEX",125,40
"1362",2023-10-06,"ILLEX",132,46
"1363",2023-10-06,"ILLEX",126,34
"1364",2023-10-06,"ILLEX",129,34
"1365",2023-10-06,"ILLEX",132,38
"1366",2023-10-06,"ILLEX",115,30
"1367",2023-10-06,"ILLEX",131,42
"1368",2023-10-06,"ILLEX",154,70
"1369",2023-10-06,"ILLEX",146,54
"1370",2023-10-06,"ILLEX",127,40
"1371",2023-10-06,"ILLEX",132,42
"1372",2023-10-06,"ILLEX",130,42
"1373",2023-10-06,"ILLEX",130,42
"1374",2023-10-06,"ILLEX",150,66
"1375",2023-10-06,"ILLEX",147,44
"1376",2023-10-06,"ILLEX",141,56
"1377",2023-10-06,"ILLEX",135,48
"1378",2023-10-06,"ILLEX",120,38
"1379",2023-10-06,"ILLEX",130,48
"1380",2023-10-06,"ILLEX",132,44
"1381",2023-10-06,"ILLEX",125,36
"1382",2023-10-06,"ILLEX",146,62
"1383",2023-10-06,"ILLEX",132,42
"1384",2023-10-06,"ILLEX",129,34
"1385",2023-10-06,"ILLEX",123,38
"1386",2023-10-06,"ILLEX",135,56
"1387",2023-10-06,"ILLEX",150,70
"1388",2023-10-06,"ILLEX",114,32
"1389",2023-10-06,"ILLEX",140,52
"1390",2023-10-06,"ILLEX",128,38
"1391",2023-10-06,"ILLEX",135,48
"1392",2023-10-06,"ILLEX",176,94
"1393",2023-10-06,"ILLEX",135,46
"1394",2023-10-06,"ILLEX",143,50
"1395",2023-10-06,"ILLEX",139,46
"1396",2023-10-06,"ILLEX",131,50
"1397",2023-10-06,"ILLEX",144,58
"1398",2023-10-06,"ILLEX",133,40
"1399",2023-10-06,"ILLEX",129,40
"1400",2023-10-06,"ILLEX",143,56
"1401",2023-10-06,"ILLEX",132,44
"1402",2023-10-06,"ILLEX",127,40
"1403",2023-10-06,"ILLEX",139,48
"1404",2023-10-06,"ILLEX",130,38
"1405",2023-10-06,"ILLEX",140,48
"1406",2023-10-06,"ILLEX",151,2
"1407",2023-10-06,"ILLEX",144,68
"1408",2023-10-06,"ILLEX",126,38
"1409",2023-10-06,"ILLEX",133,46
"1410",2023-10-06,"ILLEX",120,36
"1411",2023-10-06,"ILLEX",133,42
"1412",2023-10-06,"ILLEX",141,52
"1413",2023-10-06,"ILLEX",134,40
"1414",2023-10-06,"ILLEX",131,42
"1415",2023-10-06,"ILLEX",131,40
"1416",2023-10-06,"ILLEX",135,48
"1417",2023-10-06,"ILLEX",133,50
"1418",2023-10-06,"ILLEX",134,48
"1419",2023-10-06,"ILLEX",137,48
"1420",2023-10-06,"ILLEX",126,34
"1421",2023-10-06,"ILLEX",132,40
"1422",2023-10-06,"ILLEX",122,32
"1423",2023-10-06,"ILLEX",129,44
"1424",2023-10-06,"ILLEX",112,26
"1425",2023-10-06,"ILLEX",146,48
"1426",2023-10-06,"LOLIGO",103,32
"1427",2023-10-06,"LOLIGO",82,22
"1428",2023-10-06,"LOLIGO",91,26
"1429",2023-10-06,"LOLIGO",125,58
"1430",2023-10-06,"LOLIGO",94,32
"1431",2023-10-06,"LOLIGO",83,20
"1432",2023-10-06,"LOLIGO",129,46
"1433",2023-10-06,"LOLIGO",87,24
"1434",2023-10-06,"LOLIGO",114,40
"1435",2023-10-06,"LOLIGO",99,32
"1436",2023-10-06,"LOLIGO",89,26
"1437",2023-10-06,"LOLIGO",118,44
"1438",2023-10-06,"LOLIGO",120,46
"1439",2023-10-06,"LOLIGO",130,50
"1440",2023-10-06,"LOLIGO",137,60
"1441",2023-10-06,"LOLIGO",99,28
"1442",2023-10-06,"LOLIGO",122,48
"1443",2023-10-06,"LOLIGO",98,28
"1444",2023-10-06,"LOLIGO",86,18
"1445",2023-10-06,"LOLIGO",58,8
"1446",2023-10-06,"LOLIGO",99,34
"1447",2023-10-06,"LOLIGO",88,18
"1448",2023-10-06,"LOLIGO",92,26
"1449",2023-10-06,"LOLIGO",117,40
"1450",2023-10-06,"LOLIGO",101,32
"1451",2023-10-06,"LOLIGO",90,26
"1452",2023-10-06,"LOLIGO",115,40
"1453",2023-10-06,"LOLIGO",84,20
"1454",2023-10-06,"LOLIGO",98,30
"1455",2023-10-06,"LOLIGO",92,26
"1456",2023-10-06,"LOLIGO",101,36
"1457",2023-10-06,"LOLIGO",110,36
